{
  "images" : [
    {
      "filename" : "스크린샷 2025-08-24 오전 1.51.02.png",
      "idiom" : "universal",
      "scale" : "1x"
    },
    {
      "filename" : "스크린샷 2025-08-24 오전 1.51.02 1.png",
      "idiom" : "universal",
      "scale" : "2x"
    },
    {
      "filename" : "스크린샷 2025-08-24 오전 1.51.02 2.png",
      "idiom" : "universal",
      "scale" : "3x"
    }
  ],
  "info" : {
    "author" : "xcode",
    "version" : 1
  }
}
